{
    "name": "root",
    "metadata": {
        "timer_format_version": "0.1.0",
        "start_time_seconds": "1715260533",
        "python_version": "3.11.7 | packaged by Anaconda, Inc. | (main, Dec 15 2023, 18:05:47) [MSC v.1916 64 bit (AMD64)]",
        "command_line_arguments": "C:\\Users\\Student\\anaconda3\\Scripts\\mlagents-learn --force --run-id=NoHints",
        "mlagents_version": "0.30.0",
        "mlagents_envs_version": "0.30.0",
        "communication_protocol_version": "1.5.0",
        "pytorch_version": "2.2.2+cu121",
        "numpy_version": "1.23.3",
        "end_time_seconds": "1715261211"
    },
    "total": 678.561054599937,
    "count": 1,
    "self": 0.0112550996709615,
    "children": {
        "run_training.setup": {
            "total": 0.17568750004284084,
            "count": 1,
            "self": 0.17568750004284084
        },
        "TrainerController.start_learning": {
            "total": 678.3741120002232,
            "count": 1,
            "self": 0.7642776877619326,
            "children": {
                "TrainerController._reset_env": {
                    "total": 11.10283280001022,
                    "count": 1,
                    "self": 11.10283280001022
                },
                "TrainerController.advance": {
                    "total": 666.0501808123663,
                    "count": 29705,
                    "self": 0.70677879313007,
                    "children": {
                        "env_step": {
                            "total": 642.4540792077314,
                            "count": 29705,
                            "self": 594.8521848113742,
                            "children": {
                                "SubprocessEnvManager._take_step": {
                                    "total": 47.1701080116909,
                                    "count": 29706,
                                    "self": 1.9676673249341547,
                                    "children": {
                                        "TorchPolicy.evaluate": {
                                            "total": 45.202440686756745,
                                            "count": 24542,
                                            "self": 45.202440686756745
                                        }
                                    }
                                },
                                "workers": {
                                    "total": 0.43178638466633856,
                                    "count": 29704,
                                    "self": 0.0,
                                    "children": {
                                        "worker_root": {
                                            "total": 555.3037387866061,
                                            "count": 29704,
                                            "is_parallel": true,
                                            "self": 114.03875337657519,
                                            "children": {
                                                "steps_from_proto": {
                                                    "total": 0.011411900166422129,
                                                    "count": 2,
                                                    "is_parallel": true,
                                                    "self": 0.0022292002104222775,
                                                    "children": {
                                                        "_process_rank_one_or_two_observation": {
                                                            "total": 0.009182699955999851,
                                                            "count": 4,
                                                            "is_parallel": true,
                                                            "self": 0.009182699955999851
                                                        }
                                                    }
                                                },
                                                "UnityEnvironment.step": {
                                                    "total": 441.2535735098645,
                                                    "count": 29704,
                                                    "is_parallel": true,
                                                    "self": 2.644799974281341,
                                                    "children": {
                                                        "UnityEnvironment._generate_step_input": {
                                                            "total": 5.812613595975563,
                                                            "count": 29704,
                                                            "is_parallel": true,
                                                            "self": 5.812613595975563
                                                        },
                                                        "communicator.exchange": {
                                                            "total": 422.7904100099113,
                                                            "count": 29704,
                                                            "is_parallel": true,
                                                            "self": 422.7904100099113
                                                        },
                                                        "steps_from_proto": {
                                                            "total": 10.005749929696321,
                                                            "count": 29704,
                                                            "is_parallel": true,
                                                            "self": 5.8915627433452755,
                                                            "children": {
                                                                "_process_rank_one_or_two_observation": {
                                                                    "total": 4.114187186351046,
                                                                    "count": 59408,
                                                                    "is_parallel": true,
                                                                    "self": 4.114187186351046
                                                                }
                                                            }
                                                        }
                                                    }
                                                }
                                            }
                                        }
                                    }
                                }
                            }
                        },
                        "trainer_advance": {
                            "total": 22.889322811504826,
                            "count": 29704,
                            "self": 0.8786294960882515,
                            "children": {
                                "process_trajectory": {
                                    "total": 15.3702573152259,
                                    "count": 29704,
                                    "self": 15.3702573152259
                                },
                                "_update_policy": {
                                    "total": 6.640436000190675,
                                    "count": 2,
                                    "self": 4.004064200213179,
                                    "children": {
                                        "TorchPPOOptimizer.update": {
                                            "total": 2.6363717999774963,
                                            "count": 60,