{
    "name": "root",
    "gauges": {
        "MyBehavior.Policy.Entropy.mean": {
            "value": -1.1920928244535389e-07,
            "min": -1.1920928244535389e-07,
            "max": -1.1920927533992653e-07,
            "count": 20
        },
        "MyBehavior.Policy.Entropy.sum": {
            "value": -0.00011920928227482364,
            "min": -0.00011956690286751837,
            "max": -0.00011909006570931524,
            "count": 20
        },
        "MyBehavior.Environment.EpisodeLength.mean": {
            "value": 2.802281368821293,
            "min": 2.7984790874524714,
            "max": 2.802281368821293,
            "count": 20
        },
        "MyBehavior.Environment.EpisodeLength.sum": {
            "value": 737.0,
            "min": 736.0,
            "max": 739.0,
            "count": 20
        },
        "MyBehavior.Step.mean": {
            "value": 19996.0,
            "min": 996.0,
            "max": 19996.0,
            "count": 20
        },
        "MyBehavior.Step.sum": {
            "value": 19996.0,
            "min": 996.0,
            "max": 19996.0,
            "count": 20
        },
        "MyBehavior.Policy.ExtrinsicValueEstimate.mean": {
            "value": 11.386104583740234,
            "min": -28.76241111755371,
            "max": 11.386104583740234,
            "count": 20
        },
        "MyBehavior.Policy.ExtrinsicValueEstimate.sum": {
            "value": 2994.54541015625,
            "min": -7586.72802734375,
            "max": 3004.373779296875,
            "count": 20
        },
        "MyBehavior.Environment.CumulativeReward.mean": {
            "value": 14.992395437262358,
            "min": 14.992395437262358,
            "max": 15.011406844106464,
            "count": 20
        },
        "MyBehavior.Environment.CumulativeReward.sum": {
            "value": 3943.0,
            "min": 3932.0,
            "max": 3959.0,
            "count": 20
        },
        "MyBehavior.Policy.ExtrinsicReward.mean": {
            "value": 14.992395437262358,
            "min": 14.992395437262358,
            "max": 15.011406844106464,
            "count": 20
        },
        "MyBehavior.Policy.ExtrinsicReward.sum": {
            "value": 3943.0,
            "min": 3932.0,
            "max": 3959.0,
            "count": 20
        },
        "MyBehavior.IsTraining.mean": {
            "value": 1.0,
            "min": 1.0,
            "max": 1.0,
            "count": 20
        },
        "MyBehavior.IsTraining.sum": {
            "value": 1.0,
            "min": 1.0,
            "max": 1.0,
            "count": 20
        },
        "MyBehavior.Losses.PolicyLoss.mean": {
            "value": 0.022052133455872536,
            "min": 0.022052133455872536,
            "max": 0.022052133455872536,
            "count": 1
        },
        "MyBehavior.Losses.PolicyLoss.sum": {
            "value": 0.022052133455872536,
            "min": 0.022052133455872536,
            "max": 0.022052133455872536,
            "count": 1
        },
        "MyBehavior.Losses.ValueLoss.mean": {
            "value": 282.0925470352173,
            "min": 282.0925470352173,
            "max": 282.0925470352173,
            "count": 1
        },
        "MyBehavior.Losses.ValueLoss.sum": {
            "value": 282.0925470352173,
            "min": 282.0925470352173,
            "max": 282.0925470352173,
            "count": 1
        },
        "MyBehavior.Policy.LearningRate.mean": {
            "value": 0.000146385051205,
            "min": 0.000146385051205,
            "max": 0.000146385051205,
            "count": 1
        },
        "MyBehavior.Policy.LearningRate.sum": {
            "value": 0.000146385051205,
            "min": 0.000146385051205,
            "max": 0.000146385051205,
            "count": 1
        },
        "MyBehavior.Policy.Epsilon.mean": {
            "value": 0.14879499999999996,
            "min": 0.14879499999999996,
            "max": 0.14879499999999996,
            "count": 1
        },
        "MyBehavior.Policy.Epsilon.sum": {
            "value": 0.14879499999999996,
            "min": 0.14879499999999996,
            "max": 0.14879499999999996,
            "count": 1
        },
        "MyBehavior.Policy.Beta.mean": {
            "value": 0.0024448705000000006,
            "min": 0.0024448705000000006,
            "max": 0.0024448705000000006,
            "count": 1
        },
        "MyBehavior.Policy.Beta.sum": {
            "value": 0.0024448705000000006,
            "min": 0.0024448705000000006,
            "max": 0.0024448705000000006,
            "count": 1
        }
    },
    "metadata": {
        "timer_format_version": "0.1.0",
        "start_time_seconds": "1715685827",
        "python_version": "3.11.7 | packaged by Anaconda, Inc. | (main, Dec 15 2023, 18:05:47) [MSC v.1916 64 bit (AMD64)]",
        "command_line_arguments": "C:\\Users\\Student\\anaconda3\\Scripts\\mlagents-learn results/NoHints/configuration.yaml --force --run-id=NoHints",
        "mlagents_version": "0.30.0",
        "mlagents_envs_version": "0.30.0",
        "communication_protocol_version": "1.5.0",
        "pytorch_version": "2.2.2+cu121",
        "numpy_version": "1.23.3",
        "end_time_seconds": "1715686275"
    },
    "total": 448.41395920002833,
    "count": 1,
    "self": 0.023816800210624933,
    "children": {
        "run_training.setup": {
            "total": 0.3785432998556644,
            "count": 1,
            "self": 0.3785432998556644
        },
        "TrainerController.start_learning": {
            "total": 448.01159909996204,
            "count": 1,
            "self": 0.5733648699242622,
            "children": {
                "TrainerController._reset_env": {
                    "total": 14.13374700001441,
                    "count": 1,
                    "self": 14.13374700001441
                },
                "TrainerController.advance": {
                    "total": 433.1761601299513,
                    "count": 24215,
                    "self": 0.5706808038521558,
                    "children": {
                        "env_step": {
                            "total": 415.6778257074766,
                            "count": 24215,
                            "self": 379.1941951091867,
                            "children": {
                                "SubprocessEnvManager._take_step": {
                                    "total": 36.13509528920986,
                                    "count": 24215,
                                    "self": 1.5522816921584308,
                                    "children": {
                                        "TorchPolicy.evaluate": {
                                            "total": 34.58281359705143,
                                            "count": 20004,
                                            "self": 34.58281359705143
                                        }
                                    }
                                },
                                "workers": {
                                    "total": 0.3485353090800345,
                                    "count": 24215,
                                    "self": 0.0,
                                    "children": {
                                        "worker_root": {
                                            "total": 435.14313709479757,
                                            "count": 24215,
                                            "is_parallel": true,
                                            "self": 87.8745414938312,
                                            "children": {
                                                "steps_from_proto": {
                                                    "total": 0.008273900020867586,
                                                    "count": 1,
                                                    "is_parallel": true,